"EventID","PSComputerName","RunspaceId","PSShowComputerName","MachineName","Data","Index","Category","CategoryNumber","EntryType","Message","Source","ReplacementStrings","InstanceId","TimeGenerated","TimeWritten","UserName","Site","Container"
"16","localhost","1eff0e15-e0ab-4527-8953-595c825eeb13","False","DESKTOP-M7CM9BE","System.Byte[]","3203","(0)","0","Information","No se encontró la descripción del id. de evento '16' en el origen 'Microsoft-Windows-Kernel-General'. Es posible que el equipo local no tenga la información de registro o los archivos DLL de mensaje necesarios para mostrar el mensaje, o que usted no tenga permiso de acceso a los mismos. La siguiente información es parte del evento:'107', '\??\C:\Users\2-DAW\AppData\Local\Packages\Microsoft.DesktopAppInstaller_8wekyb3d8bbwe\Settings\settings.dat', '2', '1'","Microsoft-Windows-Kernel-General","107 \??\C:\Users\2-DAW\AppData\Local\Packages\Microsoft.DesktopAppInstaller_8wekyb3d8bbwe\Settings\settings.dat 2 1","16","27/02/2026 8:27:14","27/02/2026 8:27:14","NT AUTHORITY\SYSTEM",,
"10016","localhost","1eff0e15-e0ab-4527-8953-595c825eeb13","False","DESKTOP-M7CM9BE","System.Byte[]","3202","(0)","0","Warning","No se encontró la descripción del id. de evento '10016' en el origen 'DCOM'. Es posible que el equipo local no tenga la información de registro o los archivos DLL de mensaje necesarios para mostrar el mensaje, o que usted no tenga permiso de acceso a los mismos. La siguiente información es parte del evento:'específico de la aplicación', 'Local', 'Activación', '{2593F8B9-4EAF-457C-B68A-50F6B8EA6B54}', '{15C20B67-12E7-4BB6-92BB-7AFF07997402}', 'DESKTOP-M7CM9BE', '2-DAW', 'S-1-5-21-374513637-3669074883-229338491-1001', 'LocalHost (con LRPC)', 'No disponible', 'No disponible'","DCOM","específico de la aplicación Local Activación {2593F8B9-4EAF-457C-B68A-50F6B8EA6B54} {15C20B67-12E7-4BB6-92BB-7AFF07997402} DESKTOP-M7CM9BE 2-DAW S-1-5-21-374513637-3669074883-229338491-1001 LocalHost (con LRPC) No disponible No disponible","10016","27/02/2026 8:26:57","27/02/2026 8:26:57","DESKTOP-M7CM9BE\2-DAW",,
"19","localhost","1eff0e15-e0ab-4527-8953-595c825eeb13","False","DESKTOP-M7CM9BE","System.Byte[]","3201","(1)","1","Information","Instalación correcta: Windows instaló correctamente la siguiente actualización: Actualización de inteligencia de seguridad para Microsoft Defender Antivirus - KB2267602 (versión 1.445.270.0) - Canal actual (ampliado)","Microsoft-Windows-WindowsUpdateClient","Actualización de inteligencia de seguridad para Microsoft Defender Antivirus - KB2267602 (versión 1.445.270.0) - Canal actual (ampliado) {b9a72c85-50ee-4746-9211-fbe9004a238d} 200 {7971f918-a847-4430-9279-4a52d1efe18d}","19","27/02/2026 8:11:38","27/02/2026 8:11:38","NT AUTHORITY\SYSTEM",,
"43","localhost","1eff0e15-e0ab-4527-8953-595c825eeb13","False","DESKTOP-M7CM9BE","System.Byte[]","3200","(1)","1","Information","Instalación iniciada: Windows ha comenzado a instalar la actualización siguiente: Actualización de inteligencia de seguridad para Microsoft Defender Antivirus - KB2267602 (versión 1.445.270.0) - Canal actual (ampliado)","Microsoft-Windows-WindowsUpdateClient","Actualización de inteligencia de seguridad para Microsoft Defender Antivirus - KB2267602 (versión 1.445.270.0) - Canal actual (ampliado) {b9a72c85-50ee-4746-9211-fbe9004a238d} 200","43","27/02/2026 8:11:30","27/02/2026 8:11:30","NT AUTHORITY\SYSTEM",,
"44","localhost","1eff0e15-e0ab-4527-8953-595c825eeb13","False","DESKTOP-M7CM9BE","System.Byte[]","3199","(1)","1","Information","Windows Update comenzó a descargar una actualización.","Microsoft-Windows-WindowsUpdateClient","Actualización de inteligencia de seguridad para Microsoft Defender Antivirus - KB2267602 (versión 1.445.270.0) - Canal actual (ampliado) {b9a72c85-50ee-4746-9211-fbe9004a238d} 200","44","27/02/2026 8:11:30","27/02/2026 8:11:30","NT AUTHORITY\SYSTEM",,
"2","localhost","1eff0e15-e0ab-4527-8953-595c825eeb13","False","DESKTOP-M7CM9BE","System.Byte[]","3198","(0)","0","Information","Secure Trustlet Id 6 and Pid 3476 stopped with status 0.","Microsoft-Windows-IsolatedUserMode","6 3476 0","2","27/02/2026 8:09:34","27/02/2026 8:09:34","NT AUTHORITY\SERVICIO LOCAL",,
"2","localhost","1eff0e15-e0ab-4527-8953-595c825eeb13","False","DESKTOP-M7CM9BE","System.Byte[]","3197","(0)","0","Information","Secure Trustlet Id 4 and Pid 5620 stopped with status 0.","Microsoft-Windows-IsolatedUserMode","4 5620 0","2","27/02/2026 8:04:53","27/02/2026 8:04:53","NT AUTHORITY\SYSTEM",,
"1","localhost","1eff0e15-e0ab-4527-8953-595c825eeb13","False","DESKTOP-M7CM9BE","System.Byte[]","3196","(0)","0","Information","Secure Trustlet \??\C:\WINDOWS\system32\BioIso.exe Id 4 and Pid 5620 started with status 0.","Microsoft-Windows-IsolatedUserMode","4 5620 0 \??\C:\WINDOWS\system32\BioIso.exe","1","27/02/2026 8:01:34","27/02/2026 8:01:34","NT AUTHORITY\SYSTEM",,
"5","localhost","1eff0e15-e0ab-4527-8953-595c825eeb13","False","DESKTOP-M7CM9BE","System.Byte[]","3195","(0)","0","Information","Secure Trustlet NULL Id 0 and Pid 0 started with status 0.","Microsoft-Windows-IsolatedUserMode","0 0 0 NULL","5","27/02/2026 8:01:34","27/02/2026 8:01:34","NT AUTHORITY\SYSTEM",,
"1","localhost","1eff0e15-e0ab-4527-8953-595c825eeb13","False","DESKTOP-M7CM9BE","System.Byte[]","3194","(5)","5","Information","Posible detección de CVE: 2026-02-27T06:56:34.1804065Z
Información adicional: 2026-02-27T06:56:34.1784717Z

Este evento se genera cuando se detecta un intento de aprovechar una vulnerabilidad conocida (2026-02-27T06:56:34.1804065Z).
Este evento lo genera un proceso de modo de usuario.
","Microsoft-Windows-Kernel-General","2026-02-27T06:56:34.1804065Z 2026-02-27T06:56:34.1784717Z 1 1 \Device\HarddiskVolume3\Windows\System32\svchost.exe 12736 2026-02-27T07:56:34.1804065Z -60 false false","1","27/02/2026 7:56:34","27/02/2026 7:56:34","NT AUTHORITY\SERVICIO LOCAL",,
"24","localhost","1eff0e15-e0ab-4527-8953-595c825eeb13","False","DESKTOP-M7CM9BE","System.Byte[]","3193","(11)","11","Information","No se encontró la descripción del id. de evento '24' en el origen 'Microsoft-Windows-Kernel-General'. Es posible que el equipo local no tenga la información de registro o los archivos DLL de mensaje necesarios para mostrar el mensaje, o que usted no tenga permiso de acceso a los mismos. La siguiente información es parte del evento:'0', '-60', '1', '0', '0'","Microsoft-Windows-Kernel-General","0 -60 1 0 0","24","27/02/2026 7:56:34","27/02/2026 7:56:34","NT AUTHORITY\SERVICIO LOCAL",,
"35","localhost","1eff0e15-e0ab-4527-8953-595c825eeb13","False","DESKTOP-M7CM9BE","System.Byte[]","3192","(0)","0","Information","El servicio de hora está sincronizando la hora del sistema con el origen de la hora time.windows.com,0x9 (ntp.m|0x9|0.0.0.0:123->51.137.137.111:123) con el id. de referencia 1871284531. El número de capa local actual es 4.","Microsoft-Windows-Time-Service","time.windows.com,0x9 (ntp.m|0x9|0.0.0.0:123->51.137.137.111:123) 1871284531 4","35","27/02/2026 7:56:34","27/02/2026 7:56:34","NT AUTHORITY\SERVICIO LOCAL",,
"37","localhost","1eff0e15-e0ab-4527-8953-595c825eeb13","False","DESKTOP-M7CM9BE","System.Byte[]","3191","(0)","0","Information","El proveedor de hora NtpClient está recibiendo datos de hora  válidos desde time.windows.com,0x9 (ntp.m|0x9|0.0.0.0:123->51.137.137.111:123).","Microsoft-Windows-Time-Service","time.windows.com,0x9 (ntp.m|0x9|0.0.0.0:123->51.137.137.111:123)","37","27/02/2026 7:56:18","27/02/2026 7:56:18","NT AUTHORITY\SERVICIO LOCAL",,
"16","localhost","1eff0e15-e0ab-4527-8953-595c825eeb13","False","DESKTOP-M7CM9BE","System.Byte[]","3190","(0)","0","Information","No se encontró la descripción del id. de evento '16' en el origen 'Microsoft-Windows-Kernel-General'. Es posible que el equipo local no tenga la información de registro o los archivos DLL de mensaje necesarios para mostrar el mensaje, o que usted no tenga permiso de acceso a los mismos. La siguiente información es parte del evento:'107', '\??\C:\Users\2-DAW\AppData\Local\Packages\Microsoft.StartExperiencesApp_8wekyb3d8bbwe\Settings\settings.dat', '3', '1'","Microsoft-Windows-Kernel-General","107 \??\C:\Users\2-DAW\AppData\Local\Packages\Microsoft.StartExperiencesApp_8wekyb3d8bbwe\Settings\settings.dat 3 1","16","27/02/2026 7:56:08","27/02/2026 7:56:08","DESKTOP-M7CM9BE\2-DAW",,
"1038","localhost","1eff0e15-e0ab-4527-8953-595c825eeb13","False","DESKTOP-M7CM9BE","System.Byte[]","3189","(0)","0","Information","Las comprobaciones de estado de la atestación previa confirman que se espera que el dispositivo supere la atestación.
 Consulte C:\WINDOWS\Logs\MeasuredBoot\0000000027-0000000002.json para obtener información detallada sobre las comprobaciones realizadas.","Microsoft-Windows-TPM-WMI","C:\WINDOWS\Logs\MeasuredBoot\0000000027-0000000002.json","1038","27/02/2026 7:55:38","27/02/2026 7:55:38","NT AUTHORITY\SYSTEM",,
"1041","localhost","1eff0e15-e0ab-4527-8953-595c825eeb13","False","DESKTOP-M7CM9BE","System.Byte[]","3188","(0)","0","Information","Información detallada sobre la comprobación del estado de la atestación previa: {""Version"":1,""HealthStatus"":""Attestable"",""Required"":[{""Field"":""TpmPresent"",""Value"":true,""DesiredValue"":true},{""Field"":""TpmMeetsMinimumVersion"",""Value"":true,""DesiredValue"":true},{""Field"":""TpmIsResponsive"",""Value"":true,""DesiredValue"":true},{""Field"":""EkCertIsAvailable"",""Value"":true,""DesiredValue"":true},{""Field"":""TcgLogFound"",""Value"":true,""DesiredValue"":true}],""Expected"":[{""Field"":""PcrsMatchTcgLog"",""Value"":true,""DesiredValue"":true}],""Informational"":[{""Field"":""SecureBootEnabled"",""ValueFromComputer"":true,""ValueFromTcgLog"":true,""DesiredValue"":true,""TcgValueIsVerifiable"":true},{""Field"":""VirtualSecureMemory"",""ValueFromComputer"":false,""ValueFromTcgLog"":false,""DesiredValue"":true,""TcgValueIsVerifiable"":true},{""Field"":""SecureCorePCCompliant"",""ValueFromComputer"":false,""ValueFromTcgLog"":false,""DesiredValue"":true,""TcgValueIsVerifiable"":true}{""Field"":""BootTcgLogFoundInFileSystem"",""Value"":true,""DesiredValue"":true},{""Field"":""CurrentTcgLogFoundInFileSystem"",""Value"":true,""DesiredValue"":true}]}","Microsoft-Windows-TPM-WMI","{""Version"":1,""HealthStatus"":""Attestable"",""Required"":[{""Field"":""TpmPresent"",""Value"":true,""DesiredValue"":true},{""Field"":""TpmMeetsMinimumVersion"",""Value"":true,""DesiredValue"":true},{""Field"":""TpmIsResponsive"",""Value"":true,""DesiredValue"":true},{""Field"":""EkCertIsAvailable"",""Value"":true,""DesiredValue"":true},{""Field"":""TcgLogFound"",""Value"":true,""DesiredValue"":true}],""Expected"":[{""Field"":""PcrsMatchTcgLog"",""Value"":true,""DesiredValue"":true}],""Informational"":[{""Field"":""SecureBootEnabled"",""ValueFromComputer"":true,""ValueFromTcgLog"":true,""DesiredValue"":true,""TcgValueIsVerifiable"":true},{""Field"":""VirtualSecureMemory"",""ValueFromComputer"":false,""ValueFromTcgLog"":false,""DesiredValue"":true,""TcgValueIsVerifiable"":true},{""Field"":""SecureCorePCCompliant"",""ValueFromComputer"":false,""ValueFromTcgLog"":false,""DesiredValue"":true,""TcgValueIsVerifiable"":true}{""Field"":""BootTcgLogFoundInFileSystem"",""Value"":true,""DesiredValue"":true},{""Field"":""CurrentTcgLogFoundInFileSystem"",""Value"":true,""DesiredValue"":true}]}","1041","27/02/2026 7:55:38","27/02/2026 7:55:38","NT AUTHORITY\SYSTEM",,
"7001","localhost","1eff0e15-e0ab-4527-8953-595c825eeb13","False","DESKTOP-M7CM9BE","System.Byte[]","3187","(1101)","1101","Information","Notificación de inicio de sesión de usuario para el Programa para la mejora de la experiencia del usuario","Microsoft-Windows-Winlogon","3 S-1-5-21-374513637-3669074883-229338491-1001","7001","27/02/2026 7:55:35","27/02/2026 7:55:35","NT AUTHORITY\SYSTEM",,
"1","localhost","1eff0e15-e0ab-4527-8953-595c825eeb13","False","DESKTOP-M7CM9BE","System.Byte[]","3186","(0)","0","Information","El sistema estaba en un estado de baja energía y se reanudó.

Hora de suspensión: 2026-02-26T19:58:26.3095893Z
Hora de reactivación: 2026-02-27T06:55:33.7348802Z

Origen de la reactivación: 0","Microsoft-Windows-Power-Troubleshooter","2026-02-26T19:58:26.3095893Z 2026-02-27T06:55:33.7348802Z 1200 234 200 8207 4111 2897 265270 1979728129 6 5 0 0  0 0 0   18","1","27/02/2026 7:55:34","27/02/2026 7:55:34","NT AUTHORITY\SERVICIO LOCAL",,
"566","localhost","1eff0e15-e0ab-4527-8953-595c825eeb13","False","DESKTOP-M7CM9BE","System.Byte[]","3185","(268)","268","Information","No se encontró la descripción del id. de evento '566' en el origen 'Microsoft-Windows-Kernel-Power'. Es posible que el equipo local no tenga la información de registro o los archivos DLL de mensaje necesarios para mostrar el mensaje, o que usted no tenga permiso de acceso a los mismos. La siguiente información es parte del evento:'12', '1', '6', '1', '66636', '0', '0', '0', '0', '8', '0', 'true', '1'","Microsoft-Windows-Kernel-Power","12 1 6 1 66636 0 0 0 0 8 0 true 1","566","27/02/2026 7:55:33","27/02/2026 7:55:33",,,
"134","localhost","1eff0e15-e0ab-4527-8953-595c825eeb13","False","DESKTOP-M7CM9BE","System.Byte[]","3184","(0)","0","Warning","NtpClient no pudo establecer un sistema del mismo nivel manual para usar como origen de la hora debido a un error de resolución de DNS en 'time.windows.com,0x9'. NtpClient lo intentará de nuevo dentro de 15 minutos y doblará el intervalo de reintento en adelante. Error: Host desconocido. (0x80072AF9)","Microsoft-Windows-Time-Service","Host desconocido. (0x80072AF9) 15 time.windows.com,0x9","134","27/02/2026 7:55:33","27/02/2026 7:55:33","NT AUTHORITY\SERVICIO LOCAL",,
"566","localhost","1eff0e15-e0ab-4527-8953-595c825eeb13","False","DESKTOP-M7CM9BE","System.Byte[]","3183","(268)","268","Information","No se encontró la descripción del id. de evento '566' en el origen 'Microsoft-Windows-Kernel-Power'. Es posible que el equipo local no tenga la información de registro o los archivos DLL de mensaje necesarios para mostrar el mensaje, o que usted no tenga permiso de acceso a los mismos. La siguiente información es parte del evento:'12', '20', '5', '3', '39427387557', '0', '0', '0', '0', '6', '1', 'true', '20'","Microsoft-Windows-Kernel-Power","12 20 5 3 39427387557 0 0 0 0 6 1 true 20","566","27/02/2026 7:55:33","27/02/2026 7:55:33",,,
"247","localhost","1eff0e15-e0ab-4527-8953-595c825eeb13","False","DESKTOP-M7CM9BE","System.Byte[]","3182","(99)","99","Information","No se encontró la descripción del id. de evento '247' en el origen 'Microsoft-Windows-Kernel-Boot'. Es posible que el equipo local no tenga la información de registro o los archivos DLL de mensaje necesarios para mostrar el mensaje, o que usted no tenga permiso de acceso a los mismos. La siguiente información es parte del evento:'0', '4'","Microsoft-Windows-Kernel-Boot","0 4","247","27/02/2026 7:55:33","27/02/2026 7:55:33",,,
"27","localhost","1eff0e15-e0ab-4527-8953-595c825eeb13","False","DESKTOP-M7CM9BE","System.Byte[]","3181","(33)","33","Information","No se encontró la descripción del id. de evento '27' en el origen 'Microsoft-Windows-Kernel-Boot'. Es posible que el equipo local no tenga la información de registro o los archivos DLL de mensaje necesarios para mostrar el mensaje, o que usted no tenga permiso de acceso a los mismos. La siguiente información es parte del evento:'1', '?'","Microsoft-Windows-Kernel-Boot","1 ?","27","27/02/2026 7:55:33","27/02/2026 7:55:33",,,
"25","localhost","1eff0e15-e0ab-4527-8953-595c825eeb13","False","DESKTOP-M7CM9BE","System.Byte[]","3180","(32)","32","Information","No se encontró la descripción del id. de evento '25' en el origen 'Microsoft-Windows-Kernel-Boot'. Es posible que el equipo local no tenga la información de registro o los archivos DLL de mensaje necesarios para mostrar el mensaje, o que usted no tenga permiso de acceso a los mismos. La siguiente información es parte del evento:'1'","Microsoft-Windows-Kernel-Boot","1","25","27/02/2026 7:55:33","27/02/2026 7:55:33",,,
"32","localhost","1eff0e15-e0ab-4527-8953-595c825eeb13","False","DESKTOP-M7CM9BE","System.Byte[]","3179","(58)","58","Information","No se encontró la descripción del id. de evento '32' en el origen 'Microsoft-Windows-Kernel-Boot'. Es posible que el equipo local no tenga la información de registro o los archivos DLL de mensaje necesarios para mostrar el mensaje, o que usted no tenga permiso de acceso a los mismos. La siguiente información es parte del evento:'0'","Microsoft-Windows-Kernel-Boot","0","32","27/02/2026 7:55:33","27/02/2026 7:55:33",,,
"18","localhost","1eff0e15-e0ab-4527-8953-595c825eeb13","False","DESKTOP-M7CM9BE","System.Byte[]","3178","(57)","57","Information","No se encontró la descripción del id. de evento '18' en el origen 'Microsoft-Windows-Kernel-Boot'. Es posible que el equipo local no tenga la información de registro o los archivos DLL de mensaje necesarios para mostrar el mensaje, o que usted no tenga permiso de acceso a los mismos. La siguiente información es parte del evento:'1'","Microsoft-Windows-Kernel-Boot","1","18","27/02/2026 7:55:33","27/02/2026 7:55:33",,,
"30","localhost","1eff0e15-e0ab-4527-8953-595c825eeb13","False","DESKTOP-M7CM9BE","System.Byte[]","3177","(21)","21","Information","No se encontró la descripción del id. de evento '30' en el origen 'Microsoft-Windows-Kernel-Boot'. Es posible que el equipo local no tenga la información de registro o los archivos DLL de mensaje necesarios para mostrar el mensaje, o que usted no tenga permiso de acceso a los mismos. La siguiente información es parte del evento:'60', '8124', '8160', '9945', '9976'","Microsoft-Windows-Kernel-Boot","60 8124 8160 9945 9976","30","27/02/2026 7:55:33","27/02/2026 7:55:33",,,
"1","localhost","1eff0e15-e0ab-4527-8953-595c825eeb13","False","DESKTOP-M7CM9BE","System.Byte[]","3176","(5)","5","Information","Posible detección de CVE: 2026-02-27T06:55:33.5000000Z
Información adicional: 2026-02-26T19:58:27.8535820Z

Este evento se genera cuando se detecta un intento de aprovechar una vulnerabilidad conocida (2026-02-27T06:55:33.5000000Z).
Este evento lo genera un proceso de modo de usuario.
","Microsoft-Windows-Kernel-General","2026-02-27T06:55:33.5000000Z 2026-02-26T19:58:27.8535820Z 39425646 2  4 2026-02-27T07:55:33.5000000Z -60 false false","1","27/02/2026 7:55:33","27/02/2026 7:55:33",,,
"107","localhost","1eff0e15-e0ab-4527-8953-595c825eeb13","False","DESKTOP-M7CM9BE","System.Byte[]","3175","(102)","102","Information","No se encontró la descripción del id. de evento '107' en el origen 'Microsoft-Windows-Kernel-Power'. Es posible que el equipo local no tenga la información de registro o los archivos DLL de mensaje necesarios para mostrar el mensaje, o que usted no tenga permiso de acceso a los mismos. La siguiente información es parte del evento:'6', '5', '5', '1601-01-01T00:00:00.0000000Z', '1601-01-01T00:00:00.0000000Z', '0', '0'","Microsoft-Windows-Kernel-Power","6 5 5 1601-01-01T00:00:00.0000000Z 1601-01-01T00:00:00.0000000Z 0 0","107","26/02/2026 20:58:27","26/02/2026 20:58:27",,,
"42","localhost","1eff0e15-e0ab-4527-8953-595c825eeb13","False","DESKTOP-M7CM9BE","System.Byte[]","3174","(64)","64","Information","No se encontró la descripción del id. de evento '42' en el origen 'Microsoft-Windows-Kernel-Power'. Es posible que el equipo local no tenga la información de registro o los archivos DLL de mensaje necesarios para mostrar el mensaje, o que usted no tenga permiso de acceso a los mismos. La siguiente información es parte del evento:'6', '5', '4', '0', '2'","Microsoft-Windows-Kernel-Power","6 5 4 0 2","42","26/02/2026 20:58:26","26/02/2026 20:58:26",,,
"566","localhost","1eff0e15-e0ab-4527-8953-595c825eeb13","False","DESKTOP-M7CM9BE","System.Byte[]","3173","(268)","268","Information","No se encontró la descripción del id. de evento '566' en el origen 'Microsoft-Windows-Kernel-Power'. Es posible que el equipo local no tenga la información de registro o los archivos DLL de mensaje necesarios para mostrar el mensaje, o que usted no tenga permiso de acceso a los mismos. La siguiente información es parte del evento:'12', '1', '4', '0', '20870550029', '0', '0', '0', '0', '5', '3', 'true', '1'","Microsoft-Windows-Kernel-Power","12 1 4 0 20870550029 0 0 0 0 5 3 true 1","566","26/02/2026 20:58:26","26/02/2026 20:58:26","NT AUTHORITY\SYSTEM",,
"187","localhost","1eff0e15-e0ab-4527-8953-595c825eeb13","False","DESKTOP-M7CM9BE","System.Byte[]","3172","(243)","243","Information","No se encontró la descripción del id. de evento '187' en el origen 'Microsoft-Windows-Kernel-Power'. Es posible que el equipo local no tenga la información de registro o los archivos DLL de mensaje necesarios para mostrar el mensaje, o que usted no tenga permiso de acceso a los mismos. La siguiente información es parte del evento:'53', '\Device\HarddiskVolume3\Windows\System32\winlogon.exe', '3', '2'","Microsoft-Windows-Kernel-Power","53 \Device\HarddiskVolume3\Windows\System32\winlogon.exe 3 2","187","26/02/2026 20:58:26","26/02/2026 20:58:26","NT AUTHORITY\SYSTEM",,
"7002","localhost","1eff0e15-e0ab-4527-8953-595c825eeb13","False","DESKTOP-M7CM9BE","System.Byte[]","3171","(1102)","1102","Information","Notificación de cierre de sesión de usuario para el Programa para la mejora de la experiencia del usuario","Microsoft-Windows-Winlogon","2 S-1-5-21-374513637-3669074883-229338491-1001","7002","26/02/2026 20:58:26","26/02/2026 20:58:26","NT AUTHORITY\SYSTEM",,
"10010","localhost","1eff0e15-e0ab-4527-8953-595c825eeb13","False","DESKTOP-M7CM9BE","System.Byte[]","3170","(0)","0","Error","No se encontró la descripción del id. de evento '10010' en el origen 'DCOM'. Es posible que el equipo local no tenga la información de registro o los archivos DLL de mensaje necesarios para mostrar el mensaje, o que usted no tenga permiso de acceso a los mismos. La siguiente información es parte del evento:'{6FA05A24-B1DF-4155-909E-7B424F2D2BB5}'","DCOM","{6FA05A24-B1DF-4155-909E-7B424F2D2BB5}","10010","26/02/2026 20:58:25","26/02/2026 20:58:25","DESKTOP-M7CM9BE\2-DAW",,
"10010","localhost","1eff0e15-e0ab-4527-8953-595c825eeb13","False","DESKTOP-M7CM9BE","System.Byte[]","3169","(0)","0","Error","No se encontró la descripción del id. de evento '10010' en el origen 'DCOM'. Es posible que el equipo local no tenga la información de registro o los archivos DLL de mensaje necesarios para mostrar el mensaje, o que usted no tenga permiso de acceso a los mismos. La siguiente información es parte del evento:'{6FA05A24-B1DF-4155-909E-7B424F2D2BB5}'","DCOM","{6FA05A24-B1DF-4155-909E-7B424F2D2BB5}","10010","26/02/2026 20:58:25","26/02/2026 20:58:25","DESKTOP-M7CM9BE\2-DAW",,
"1","localhost","1eff0e15-e0ab-4527-8953-595c825eeb13","False","DESKTOP-M7CM9BE","System.Byte[]","3168","(0)","0","Information","Secure Trustlet \??\C:\WINDOWS\System32\NgcIso.exe Id 6 and Pid 3476 started with status 0.","Microsoft-Windows-IsolatedUserMode","6 3476 0 \??\C:\WINDOWS\System32\NgcIso.exe","1","26/02/2026 20:57:58","26/02/2026 20:57:58","NT AUTHORITY\SERVICIO LOCAL",,
"5","localhost","1eff0e15-e0ab-4527-8953-595c825eeb13","False","DESKTOP-M7CM9BE","System.Byte[]","3167","(0)","0","Information","Secure Trustlet NULL Id 0 and Pid 0 started with status 0.","Microsoft-Windows-IsolatedUserMode","0 0 0 NULL","5","26/02/2026 20:57:58","26/02/2026 20:57:58","NT AUTHORITY\SERVICIO LOCAL",,
"4266","localhost","1eff0e15-e0ab-4527-8953-595c825eeb13","False","DESKTOP-M7CM9BE","System.Byte[]","3166","(0)","0","Warning","Error en una solicitud para asignar un número de puerto efímero del espacio de puertos UDP global porque todos los puertos están en uso.","Tcpip","","2147487914","26/02/2026 18:50:11","26/02/2026 18:50:11",,,
"19","localhost","1eff0e15-e0ab-4527-8953-595c825eeb13","False","DESKTOP-M7CM9BE","System.Byte[]","3165","(1)","1","Information","Instalación correcta: Windows instaló correctamente la siguiente actualización: 9MVZQVXJBQ9V-Microsoft.AV1VideoExtension","Microsoft-Windows-WindowsUpdateClient","9MVZQVXJBQ9V-Microsoft.AV1VideoExtension {eba8ad0a-781b-427d-b042-67ed57e88f3d} 1 {855e8a7c-ecb4-4ca3-b045-1dfa50104289}","19","26/02/2026 16:46:56","26/02/2026 16:46:56","NT AUTHORITY\SYSTEM",,
"16","localhost","1eff0e15-e0ab-4527-8953-595c825eeb13","False","DESKTOP-M7CM9BE","System.Byte[]","3164","(0)","0","Information","No se encontró la descripción del id. de evento '16' en el origen 'Microsoft-Windows-Kernel-General'. Es posible que el equipo local no tenga la información de registro o los archivos DLL de mensaje necesarios para mostrar el mensaje, o que usted no tenga permiso de acceso a los mismos. La siguiente información es parte del evento:'105', '\??\C:\Users\2-DAW\AppData\Local\Packages\Microsoft.AV1VideoExtension_8wekyb3d8bbwe\Settings\settings.dat', '3', '1'","Microsoft-Windows-Kernel-General","105 \??\C:\Users\2-DAW\AppData\Local\Packages\Microsoft.AV1VideoExtension_8wekyb3d8bbwe\Settings\settings.dat 3 1","16","26/02/2026 16:46:56","26/02/2026 16:46:56","DESKTOP-M7CM9BE\2-DAW",,
"43","localhost","1eff0e15-e0ab-4527-8953-595c825eeb13","False","DESKTOP-M7CM9BE","System.Byte[]","3163","(1)","1","Information","Instalación iniciada: Windows ha comenzado a instalar la actualización siguiente: 9MVZQVXJBQ9V-Microsoft.AV1VideoExtension","Microsoft-Windows-WindowsUpdateClient","9MVZQVXJBQ9V-Microsoft.AV1VideoExtension {eba8ad0a-781b-427d-b042-67ed57e88f3d} 1","43","26/02/2026 16:46:56","26/02/2026 16:46:56","NT AUTHORITY\SYSTEM",,
"19","localhost","1eff0e15-e0ab-4527-8953-595c825eeb13","False","DESKTOP-M7CM9BE","System.Byte[]","3162","(1)","1","Information","Instalación correcta: Windows instaló correctamente la siguiente actualización: 9MZ95KL8MR0L-Microsoft.ScreenSketch","Microsoft-Windows-WindowsUpdateClient","9MZ95KL8MR0L-Microsoft.ScreenSketch {38278d44-44b1-4abe-b3a3-d48a9b7621c7} 1 {855e8a7c-ecb4-4ca3-b045-1dfa50104289}","19","26/02/2026 16:41:01","26/02/2026 16:41:01","NT AUTHORITY\SYSTEM",,
"16","localhost","1eff0e15-e0ab-4527-8953-595c825eeb13","False","DESKTOP-M7CM9BE","System.Byte[]","3161","(0)","0","Information","No se encontró la descripción del id. de evento '16' en el origen 'Microsoft-Windows-Kernel-General'. Es posible que el equipo local no tenga la información de registro o los archivos DLL de mensaje necesarios para mostrar el mensaje, o que usted no tenga permiso de acceso a los mismos. La siguiente información es parte del evento:'100', '\??\C:\Users\2-DAW\AppData\Local\Packages\Microsoft.ScreenSketch_8wekyb3d8bbwe\Settings\settings.dat', '2', '1'","Microsoft-Windows-Kernel-General","100 \??\C:\Users\2-DAW\AppData\Local\Packages\Microsoft.ScreenSketch_8wekyb3d8bbwe\Settings\settings.dat 2 1","16","26/02/2026 16:41:00","26/02/2026 16:41:00","DESKTOP-M7CM9BE\2-DAW",,
"43","localhost","1eff0e15-e0ab-4527-8953-595c825eeb13","False","DESKTOP-M7CM9BE","System.Byte[]","3160","(1)","1","Information","Instalación iniciada: Windows ha comenzado a instalar la actualización siguiente: 9MZ95KL8MR0L-Microsoft.ScreenSketch","Microsoft-Windows-WindowsUpdateClient","9MZ95KL8MR0L-Microsoft.ScreenSketch {38278d44-44b1-4abe-b3a3-d48a9b7621c7} 1","43","26/02/2026 16:41:00","26/02/2026 16:41:00","NT AUTHORITY\SYSTEM",,
"16","localhost","1eff0e15-e0ab-4527-8953-595c825eeb13","False","DESKTOP-M7CM9BE","System.Byte[]","3159","(0)","0","Information","No se encontró la descripción del id. de evento '16' en el origen 'Microsoft-Windows-Kernel-General'. Es posible que el equipo local no tenga la información de registro o los archivos DLL de mensaje necesarios para mostrar el mensaje, o que usted no tenga permiso de acceso a los mismos. La siguiente información es parte del evento:'134', '\??\C:\ProgramData\Microsoft\Windows\AppRepository\Packages\Microsoft.ScreenSketch_11.2511.47.0_x64__8wekyb3d8bbwe\ActivationStore.dat', '0', '0'","Microsoft-Windows-Kernel-General","134 \??\C:\ProgramData\Microsoft\Windows\AppRepository\Packages\Microsoft.ScreenSketch_11.2511.47.0_x64__8wekyb3d8bbwe\ActivationStore.dat 0 0","16","26/02/2026 16:40:59","26/02/2026 16:40:59","NT AUTHORITY\SYSTEM",,
"19","localhost","1eff0e15-e0ab-4527-8953-595c825eeb13","False","DESKTOP-M7CM9BE","System.Byte[]","3158","(1)","1","Information","Instalación correcta: Windows instaló correctamente la siguiente actualización: 9MTSNNP9CVTN-AppUp.IntelManagementandSecurityStatus","Microsoft-Windows-WindowsUpdateClient","9MTSNNP9CVTN-AppUp.IntelManagementandSecurityStatus {48044290-8ada-4e9a-b395-d92981a3cf68} 1 {855e8a7c-ecb4-4ca3-b045-1dfa50104289}","19","26/02/2026 16:39:13","26/02/2026 16:39:13","NT AUTHORITY\SYSTEM",,
"16","localhost","1eff0e15-e0ab-4527-8953-595c825eeb13","False","DESKTOP-M7CM9BE","System.Byte[]","3157","(0)","0","Information","No se encontró la descripción del id. de evento '16' en el origen 'Microsoft-Windows-Kernel-General'. Es posible que el equipo local no tenga la información de registro o los archivos DLL de mensaje necesarios para mostrar el mensaje, o que usted no tenga permiso de acceso a los mismos. La siguiente información es parte del evento:'116', '\??\C:\Users\2-DAW\AppData\Local\Packages\AppUp.IntelManagementandSecurityStatus_8j3eq9eme6ctt\Settings\settings.dat', '3', '1'","Microsoft-Windows-Kernel-General","116 \??\C:\Users\2-DAW\AppData\Local\Packages\AppUp.IntelManagementandSecurityStatus_8j3eq9eme6ctt\Settings\settings.dat 3 1","16","26/02/2026 16:39:13","26/02/2026 16:39:13","DESKTOP-M7CM9BE\2-DAW",,
"43","localhost","1eff0e15-e0ab-4527-8953-595c825eeb13","False","DESKTOP-M7CM9BE","System.Byte[]","3156","(1)","1","Information","Instalación iniciada: Windows ha comenzado a instalar la actualización siguiente: 9MTSNNP9CVTN-AppUp.IntelManagementandSecurityStatus","Microsoft-Windows-WindowsUpdateClient","9MTSNNP9CVTN-AppUp.IntelManagementandSecurityStatus {48044290-8ada-4e9a-b395-d92981a3cf68} 1","43","26/02/2026 16:39:13","26/02/2026 16:39:13","NT AUTHORITY\SYSTEM",,
"16","localhost","1eff0e15-e0ab-4527-8953-595c825eeb13","False","DESKTOP-M7CM9BE","System.Byte[]","3155","(0)","0","Information","No se encontró la descripción del id. de evento '16' en el origen 'Microsoft-Windows-Kernel-General'. Es posible que el equipo local no tenga la información de registro o los archivos DLL de mensaje necesarios para mostrar el mensaje, o que usted no tenga permiso de acceso a los mismos. La siguiente información es parte del evento:'148', '\??\C:\ProgramData\Microsoft\Windows\AppRepository\Packages\AppUp.IntelManagementandSecurityStatus_2537.8.7.0_x64__8j3eq9eme6ctt\ActivationStore.dat', '0', '0'","Microsoft-Windows-Kernel-General","148 \??\C:\ProgramData\Microsoft\Windows\AppRepository\Packages\AppUp.IntelManagementandSecurityStatus_2537.8.7.0_x64__8j3eq9eme6ctt\ActivationStore.dat 0 0","16","26/02/2026 16:39:12","26/02/2026 16:39:12","NT AUTHORITY\SYSTEM",,
"44","localhost","1eff0e15-e0ab-4527-8953-595c825eeb13","False","DESKTOP-M7CM9BE","System.Byte[]","3154","(1)","1","Information","Windows Update comenzó a descargar una actualización.","Microsoft-Windows-WindowsUpdateClient","9MTSNNP9CVTN-AppUp.IntelManagementandSecurityStatus {48044290-8ada-4e9a-b395-d92981a3cf68} 1","44","26/02/2026 16:38:14","26/02/2026 16:38:14","NT AUTHORITY\SYSTEM",,
